<?xml version="1.0" encoding="UTF-8"?>
<!DOCTYPE suite SYSTEM "https://testng.org/testng-1.0.dtd">
<suite name="Suite" parallel="tests">
  <test thread-count="5" name="Test">
  <parameter name="bname" value="chrome"></parameter>
    <classes>
      <class name="com.TestNG.ParallelExecution.CrossBrowserTest"/>
    </classes>
  </test> <!-- Test -->
  
  
  <test thread-count="5" name="Test2">
  <parameter name="bname" value="edge"></parameter>
    <classes>
      <class name="com.TestNG.ParallelExecution.CrossBrowserTest"/>
    </classes>
  </test> <!-- Test -->
  
  <test thread-count="5" name="Test3">
  <parameter name="bname" value="firefox"></parameter>
    <classes>
      <class name="com.TestNG.ParallelExecution.CrossBrowserTest"/>
    </classes>
  </test> <!-- Test -->
</suite> <!-- Suite -->
