<?xml version="1.0" encoding="UTF-8"?>
<!DOCTYPE suite SYSTEM "https://testng.org/testng-1.0.dtd">
<suite name="Suite">
<groups>
<run>
<!--  <include name="Regression"></include>-->
<exclude name="Regression"></exclude>
</run>
</groups>
  <test thread-count="5" name="Test1">
    <classes>
      <class name="com.TestNG.GroupingInTestNG"/>
    </classes>
  </test> <!-- Test -->
  
  <test thread-count="5" name="Test2">
    <classes>
      <class name="com.TestNG.GroupingInTestNG"/>
    </classes>
  </test> <!-- Test -->
</suite> <!-- Suite -->
