{
	"info": {
		"_postman_id": "4d974f1b-2dba-4d95-b20e-0d1005d4075d",
		"name": "HotelAPI",
		"schema": "https://schema.getpostman.com/json/collection/v2.1.0/collection.json",
		"_exporter_id": "11346496"
	},
	"item": [
		{
			"name": "GetBookingIds",
			"event": [
				{
					"listen": "test",
					"script": {
						"exec": [
							"pm.test(\"Status code is 200\", function () {\r",
							"    pm.response.to.have.status(200);\r",
							"});\r",
							"\r",
							"//chai library\r",
							"\r",
							"pm.test(\"Test for status code 200\",()=>\r",
							"{\r",
							"    pm.expect(pm.response.code).to.eql(200);\r",
							"})\r",
							"\r",
							"//test status message OK\r",
							"pm.test(\"Test for status message OK\",()=>{\r",
							"    pm.expect(pm.response.status).to.eql(\"OK\")\r",
							"})\r",
							"\r",
							"\r",
							"//Basics javascript\r",
							"\r",
							"var i=100;\r",
							"\r",
							"//to print statement\r",
							"console.log(\"Variable value is: \"+i);\r",
							"\r",
							"//functions\r",
							"\r",
							"function info()\r",
							"{\r",
							"    console.log(\"Info function is calling.....\");\r",
							"}\r",
							"\r",
							"//function call\r",
							"info();\r",
							"\r",
							"pm.test(\"Response time is less than 1000ms\", function () {\r",
							"    pm.expect(pm.response.responseTime).to.be.below(1000);\r",
							"    info();\r",
							"});\r",
							"\r",
							"\r",
							"\r",
							"\r",
							"\r",
							"\r",
							"\r",
							"\r",
							"\r",
							"\r",
							"\r",
							"\r",
							"\r",
							"\r",
							"\r",
							"\r",
							""
						],
						"type": "text/javascript",
						"packages": {}
					}
				}
			],
			"request": {
				"method": "GET",
				"header": [],
				"url": {
					"raw": "https://restful-booker.herokuapp.com/booking",
					"protocol": "https",
					"host": [
						"restful-booker",
						"herokuapp",
						"com"
					],
					"path": [
						"booking"
					]
				}
			},
			"response": []
		},
		{
			"name": "GetBooking",
			"event": [
				{
					"listen": "test",
					"script": {
						"exec": [
							"\r",
							"\r",
							"\r",
							"var textres=pm.response.text();\r",
							"console.log(textres);\r",
							"\r",
							"\r",
							"\r",
							"pm.test(\"Test for firstname is Mary\",()=>{\r",
							"    pm.expect(res.firstname).to.eql(\"Mary\");\r",
							"})\r",
							"\r",
							"//\"checkin\": \"2018-07-29\",\r",
							"pm.test(\"Test for checkin date\",()=>{\r",
							"    pm.expect(res.bookingdates.checkin).to.eql(\"2018-07-29\")\r",
							"})\r",
							"\r",
							"\r",
							"\r",
							"\r",
							"\r",
							"\r",
							"\r",
							"\r",
							""
						],
						"type": "text/javascript",
						"packages": {}
					}
				}
			],
			"request": {
				"method": "GET",
				"header": [],
				"url": {
					"raw": "https://restful-booker.herokuapp.com/booking/1",
					"protocol": "https",
					"host": [
						"restful-booker",
						"herokuapp",
						"com"
					],
					"path": [
						"booking",
						"1"
					]
				}
			},
			"response": []
		},
		{
			"name": "CreateBooking",
			"event": [
				{
					"listen": "test",
					"script": {
						"exec": [
							"\r",
							"\r",
							"pm.test(\"test for status code 200\",()=>\r",
							"{\r",
							"    pm.expect(pm.response.code).to.eql(200);\r",
							"})\r",
							"\r",
							"var res=pm.response.json();\r",
							"\r",
							"console.log(res.bookingid);"
						],
						"type": "text/javascript",
						"packages": {}
					}
				}
			],
			"request": {
				"method": "POST",
				"header": [
					{
						"key": "Content-Type",
						"value": "application/json",
						"type": "text"
					}
				],
				"body": {
					"mode": "raw",
					"raw": "{\r\n    \"firstname\" : \"Jay\",\r\n    \"lastname\" : \"Nigade\",\r\n    \"totalprice\" : 3333,\r\n    \"depositpaid\" : true,\r\n    \"bookingdates\" : {\r\n        \"checkin\" : \"2024-11-22\",\r\n        \"checkout\" : \"2024-11-23\"\r\n    },\r\n    \"additionalneeds\" : \"Breakfast\"\r\n}",
					"options": {
						"raw": {
							"language": "json"
						}
					}
				},
				"url": {
					"raw": "https://restful-booker.herokuapp.com/booking",
					"protocol": "https",
					"host": [
						"restful-booker",
						"herokuapp",
						"com"
					],
					"path": [
						"booking"
					]
				}
			},
			"response": []
		},
		{
			"name": "CreateToken",
			"event": [
				{
					"listen": "test",
					"script": {
						"exec": [
							"\r",
							"var tokenvalue=pm.response.json().token;\r",
							"\r",
							"console.log(tokenvalue);\r",
							"\r",
							"\r",
							"pm.environment.set(\"token\",tokenvalue);"
						],
						"type": "text/javascript",
						"packages": {}
					}
				}
			],
			"request": {
				"method": "POST",
				"header": [
					{
						"key": "Content-Type",
						"value": "application/json",
						"type": "text"
					}
				],
				"body": {
					"mode": "raw",
					"raw": "{\r\n    \"username\" : \"admin\",\r\n    \"password\" : \"password123\"\r\n}",
					"options": {
						"raw": {
							"language": "json"
						}
					}
				},
				"url": {
					"raw": "https://restful-booker.herokuapp.com/auth",
					"protocol": "https",
					"host": [
						"restful-booker",
						"herokuapp",
						"com"
					],
					"path": [
						"auth"
					]
				}
			},
			"response": []
		},
		{
			"name": "partialUpdate",
			"request": {
				"method": "GET",
				"header": []
			},
			"response": []
		},
		{
			"name": "BasicAuth",
			"request": {
				"auth": {
					"type": "basic",
					"basic": [
						{
							"key": "password",
							"value": "password",
							"type": "string"
						},
						{
							"key": "username",
							"value": "postman",
							"type": "string"
						}
					]
				},
				"method": "GET",
				"header": [],
				"url": {
					"raw": "https://postman-echo.com/basic-auth",
					"protocol": "https",
					"host": [
						"postman-echo",
						"com"
					],
					"path": [
						"basic-auth"
					]
				}
			},
			"response": []
		}
	]
}